Area,Label,Type,Parent,IMDQuintile,LocalCarePartnertship
E92000001,England,Country,,,
E12000009,South West,Region,E92000001,1,
E01015023,Plymouth 003A,LSOA,E06000026,2,Western
E01015024,Plymouth 004A,LSOA,E06000026,3,Western
E01015025,Plymouth 001A,LSOA,E06000026,4,Western
E01015026,Plymouth 003B,LSOA,E06000026,5,Western
E01015027,Plymouth 002A,LSOA,E06000026,1,Western
E01015028,Plymouth 003C,LSOA,E06000026,2,Western
E01015029,Plymouth 008A,LSOA,E06000026,3,Western
E01015030,Plymouth 007A,LSOA,E06000026,4,Western
E01015031,Plymouth 023A,LSOA,E06000026,5,Western
E01015032,Plymouth 023B,LSOA,E06000026,1,Western
E01015033,Plymouth 016A,LSOA,E06000026,2,Western
E01015034,Plymouth 016B,LSOA,E06000026,3,Western
E01015035,Plymouth 012A,LSOA,E06000026,4,Western
E01015036,Plymouth 016C,LSOA,E06000026,5,Western
E01015037,Plymouth 012B,LSOA,E06000026,1,Western
E01015038,Plymouth 016D,LSOA,E06000026,2,Western
E01015039,Plymouth 014A,LSOA,E06000026,3,Western
E01015040,Plymouth 014B,LSOA,E06000026,4,Western
E01015041,Plymouth 014C,LSOA,E06000026,5,Western
E01015042,Plymouth 020A,LSOA,E06000026,1,Western
E01015043,Plymouth 026A,LSOA,E06000026,2,Western
E01015044,Plymouth 020B,LSOA,E06000026,3,Western
E01015045,Plymouth 026B,LSOA,E06000026,4,Western
E01015046,Plymouth 026C,LSOA,E06000026,5,Western
E01015047,Plymouth 026D,LSOA,E06000026,1,Western
E01015048,Plymouth 026E,LSOA,E06000026,2,Western
E01015049,Plymouth 023C,LSOA,E06000026,3,Western
E01015050,Plymouth 023D,LSOA,E06000026,4,Western
E01015051,Plymouth 023E,LSOA,E06000026,5,Western
E01015052,Plymouth 028A,LSOA,E06000026,1,Western
E01015053,Plymouth 027A,LSOA,E06000026,2,Western
E01015054,Plymouth 027B,LSOA,E06000026,3,Western
E01015055,Plymouth 021A,LSOA,E06000026,4,Western
E01015056,Plymouth 021B,LSOA,E06000026,5,Western
E01015057,Plymouth 021C,LSOA,E06000026,1,Western
E01015058,Plymouth 012C,LSOA,E06000026,2,Western
E01015059,Plymouth 021D,LSOA,E06000026,3,Western
E01015060,Plymouth 021E,LSOA,E06000026,4,Western
E01015061,Plymouth 025A,LSOA,E06000026,5,Western
E01015062,Plymouth 025B,LSOA,E06000026,1,Western
E01015063,Plymouth 010A,LSOA,E06000026,2,Western
E01015064,Plymouth 008B,LSOA,E06000026,3,Western
E01015065,Plymouth 008C,LSOA,E06000026,4,Western
E01015066,Plymouth 012D,LSOA,E06000026,5,Western
E01015067,Plymouth 012E,LSOA,E06000026,1,Western
E01015068,Plymouth 010B,LSOA,E06000026,2,Western
E01015069,Plymouth 010C,LSOA,E06000026,3,Western
E01015070,Plymouth 007B,LSOA,E06000026,4,Western
E01015071,Plymouth 008D,LSOA,E06000026,5,Western
E01015072,Plymouth 013A,LSOA,E06000026,1,Western
E01015073,Plymouth 013B,LSOA,E06000026,2,Western
E01015074,Plymouth 011A,LSOA,E06000026,3,Western
E01015075,Plymouth 014D,LSOA,E06000026,4,Western
E01015076,Plymouth 009A,LSOA,E06000026,5,Western
E01015077,Plymouth 011B,LSOA,E06000026,1,Western
E01015078,Plymouth 013C,LSOA,E06000026,2,Western
E01015079,Plymouth 011C,LSOA,E06000026,3,Western
E01015080,Plymouth 013D,LSOA,E06000026,4,Western
E01015081,Plymouth 007C,LSOA,E06000026,5,Western
E01015082,Plymouth 004B,LSOA,E06000026,1,Western
E01015083,Plymouth 004C,LSOA,E06000026,2,Western
E01015084,Plymouth 004D,LSOA,E06000026,3,Western
E01015085,Plymouth 006A,LSOA,E06000026,4,Western
E01015086,Plymouth 007D,LSOA,E06000026,5,Western
E01015087,Plymouth 006B,LSOA,E06000026,1,Western
E01015088,Plymouth 006C,LSOA,E06000026,2,Western
E01015089,Plymouth 007E,LSOA,E06000026,3,Western
E01015090,Plymouth 005A,LSOA,E06000026,4,Western
E01015091,Plymouth 005B,LSOA,E06000026,5,Western
E01015092,Plymouth 005C,LSOA,E06000026,1,Western
E01015093,Plymouth 005D,LSOA,E06000026,2,Western
E01015094,Plymouth 005E,LSOA,E06000026,3,Western
E01015095,Plymouth 010D,LSOA,E06000026,4,Western
E01015096,Plymouth 010E,LSOA,E06000026,5,Western
E01015097,Plymouth 001B,LSOA,E06000026,1,Western
E01015098,Plymouth 017A,LSOA,E06000026,2,Western
E01015099,Plymouth 017B,LSOA,E06000026,3,Western
E01015100,Plymouth 017C,LSOA,E06000026,4,Western
E01015101,Plymouth 016E,LSOA,E06000026,5,Western
E01015102,Plymouth 011D,LSOA,E06000026,1,Western
E01015103,Plymouth 017D,LSOA,E06000026,2,Western
E01015104,Plymouth 011E,LSOA,E06000026,3,Western
E01015105,Plymouth 017E,LSOA,E06000026,4,Western
E01015106,Plymouth 013E,LSOA,E06000026,5,Western
E01015107,Plymouth 018A,LSOA,E06000026,1,Western
E01015108,Plymouth 022A,LSOA,E06000026,2,Western
E01015109,Plymouth 022B,LSOA,E06000026,3,Western
E01015110,Plymouth 018B,LSOA,E06000026,4,Western
E01015111,Plymouth 018C,LSOA,E06000026,5,Western
E01015112,Plymouth 019A,LSOA,E06000026,1,Western
E01015113,Plymouth 019B,LSOA,E06000026,2,Western
E01015114,Plymouth 019C,LSOA,E06000026,3,Western
E01015115,Plymouth 022C,LSOA,E06000026,4,Western
E01015116,Plymouth 022D,LSOA,E06000026,5,Western
E01015117,Plymouth 022E,LSOA,E06000026,1,Western
E01015118,Plymouth 019D,LSOA,E06000026,2,Western
E01015119,Plymouth 018D,LSOA,E06000026,3,Western
E01015120,Plymouth 015A,LSOA,E06000026,4,Western
E01015121,Plymouth 015B,LSOA,E06000026,5,Western
E01015122,Plymouth 019E,LSOA,E06000026,1,Western
E01015123,Plymouth 015C,LSOA,E06000026,2,Western
E01015124,Plymouth 015D,LSOA,E06000026,3,Western
E01015125,Plymouth 015E,LSOA,E06000026,4,Western
E01015126,Plymouth 030A,LSOA,E06000026,5,Western
E01015127,Plymouth 030B,LSOA,E06000026,1,Western
E01015128,Plymouth 032A,LSOA,E06000026,2,Western
E01015129,Plymouth 032B,LSOA,E06000026,3,Western
E01015130,Plymouth 032C,LSOA,E06000026,4,Western
E01015131,Plymouth 030C,LSOA,E06000026,5,Western
E01015132,Plymouth 030D,LSOA,E06000026,1,Western
E01015133,Plymouth 030E,LSOA,E06000026,2,Western
E01015134,Plymouth 032D,LSOA,E06000026,3,Western
E01015135,Plymouth 031A,LSOA,E06000026,4,Western
E01015136,Plymouth 031B,LSOA,E06000026,5,Western
E01015137,Plymouth 031C,LSOA,E06000026,1,Western
E01015138,Plymouth 031D,LSOA,E06000026,2,Western
E01015139,Plymouth 031E,LSOA,E06000026,3,Western
E01015140,Plymouth 032E,LSOA,E06000026,4,Western
E01015141,Plymouth 031F,LSOA,E06000026,5,Western
E01015142,Plymouth 009B,LSOA,E06000026,1,Western
E01015143,Plymouth 009C,LSOA,E06000026,2,Western
E01015144,Plymouth 009D,LSOA,E06000026,3,Western
E01015145,Plymouth 014E,LSOA,E06000026,4,Western
E01015146,Plymouth 009E,LSOA,E06000026,5,Western
E01015147,Plymouth 006D,LSOA,E06000026,1,Western
E01015148,Plymouth 006E,LSOA,E06000026,2,Western
E01015149,Plymouth 009F,LSOA,E06000026,3,Western
E01015150,Plymouth 009G,LSOA,E06000026,4,Western
E01015151,Plymouth 029A,LSOA,E06000026,5,Western
E01015152,Plymouth 027C,LSOA,E06000026,1,Western
E01015153,Plymouth 029B,LSOA,E06000026,2,Western
E01015155,Plymouth 029C,LSOA,E06000026,3,Western
E01015156,Plymouth 027E,LSOA,E06000026,4,Western
E01015157,Plymouth 029D,LSOA,E06000026,5,Western
E01015158,Plymouth 029E,LSOA,E06000026,1,Western
E01015159,Plymouth 002B,LSOA,E06000026,2,Western
E01015160,Plymouth 001C,LSOA,E06000026,3,Western
E01015161,Plymouth 002C,LSOA,E06000026,4,Western
E01015162,Plymouth 002D,LSOA,E06000026,5,Western
E01015163,Plymouth 003D,LSOA,E06000026,1,Western
E01015164,Plymouth 001D,LSOA,E06000026,2,Western
E01015165,Plymouth 003E,LSOA,E06000026,3,Western
E01015166,Plymouth 002E,LSOA,E06000026,4,Western
E01015167,Plymouth 020C,LSOA,E06000026,5,Western
E01015168,Plymouth 020D,LSOA,E06000026,1,Western
E01015169,Plymouth 024A,LSOA,E06000026,2,Western
E01015170,Plymouth 024B,LSOA,E06000026,3,Western
E01015171,Plymouth 020E,LSOA,E06000026,4,Western
E01015172,Plymouth 029F,LSOA,E06000026,5,Western
E01015173,Plymouth 024C,LSOA,E06000026,1,Western
E01015174,Plymouth 024D,LSOA,E06000026,2,Western
E01015175,Plymouth 025C,LSOA,E06000026,3,Western
E01015176,Plymouth 021F,LSOA,E06000026,4,Western
E01015177,Plymouth 025D,LSOA,E06000026,5,Western
E01015178,Plymouth 025E,LSOA,E06000026,1,Western
E01015179,Plymouth 028B,LSOA,E06000026,2,Western
E01015180,Plymouth 028C,LSOA,E06000026,3,Western
E01015181,Plymouth 028D,LSOA,E06000026,4,Western
E01015182,Plymouth 028E,LSOA,E06000026,5,Western
E01015183,Torbay 017A,LSOA,E06000027,1,Southern
E01015184,Torbay 017B,LSOA,E06000027,2,Southern
E01015185,Torbay 017C,LSOA,E06000027,3,Southern
E01015186,Torbay 017D,LSOA,E06000027,4,Southern
E01015187,Torbay 017E,LSOA,E06000027,5,Southern
E01015188,Torbay 017F,LSOA,E06000027,1,Southern
E01015189,Torbay 017G,LSOA,E06000027,2,Southern
E01015190,Torbay 013A,LSOA,E06000027,3,Southern
E01015191,Torbay 013B,LSOA,E06000027,4,Southern
E01015192,Torbay 013C,LSOA,E06000027,5,Southern
E01015193,Torbay 013D,LSOA,E06000027,1,Southern
E01015194,Torbay 013E,LSOA,E06000027,2,Southern
E01015195,Torbay 013F,LSOA,E06000027,3,Southern
E01015196,Torbay 013G,LSOA,E06000027,4,Southern
E01015197,Torbay 016A,LSOA,E06000027,5,Southern
E01015198,Torbay 016B,LSOA,E06000027,1,Southern
E01015199,Torbay 016C,LSOA,E06000027,2,Southern
E01015200,Torbay 016D,LSOA,E06000027,3,Southern
E01015201,Torbay 016E,LSOA,E06000027,4,Southern
E01015202,Torbay 012A,LSOA,E06000027,5,Southern
E01015203,Torbay 012B,LSOA,E06000027,1,Southern
E01015204,Torbay 012C,LSOA,E06000027,2,Southern
E01015205,Torbay 012D,LSOA,E06000027,3,Southern
E01015206,Torbay 012E,LSOA,E06000027,4,Southern
E01015207,Torbay 009A,LSOA,E06000027,5,Southern
E01015208,Torbay 019F,LSOA,E06000027,1,Southern
E01015209,Torbay 019A,LSOA,E06000027,2,Southern
E01015210,Torbay 007B,LSOA,E06000027,3,Southern
E01015211,Torbay 009C,LSOA,E06000027,4,Southern
E01015212,Torbay 007C,LSOA,E06000027,5,Southern
E01015213,Torbay 007D,LSOA,E06000027,1,Southern
E01015214,Torbay 006A,LSOA,E06000027,2,Southern
E01015215,Torbay 006B,LSOA,E06000027,3,Southern
E01015216,Torbay 006C,LSOA,E06000027,4,Southern
E01015217,Torbay 008A,LSOA,E06000027,5,Southern
E01015218,Torbay 006D,LSOA,E06000027,1,Southern
E01015219,Torbay 015A,LSOA,E06000027,2,Southern
E01015220,Torbay 015B,LSOA,E06000027,3,Southern
E01015221,Torbay 015C,LSOA,E06000027,4,Southern
E01015222,Torbay 015D,LSOA,E06000027,5,Southern
E01015223,Torbay 015E,LSOA,E06000027,1,Southern
E01015224,Torbay 011A,LSOA,E06000027,2,Southern
E01015225,Torbay 011B,LSOA,E06000027,3,Southern
E01015226,Torbay 011C,LSOA,E06000027,4,Southern
E01015227,Torbay 011D,LSOA,E06000027,5,Southern
E01015228,Torbay 011E,LSOA,E06000027,1,Southern
E01015229,Torbay 014A,LSOA,E06000027,2,Southern
E01015230,Torbay 011F,LSOA,E06000027,3,Southern
E01015231,Torbay 014B,LSOA,E06000027,4,Southern
E01015232,Torbay 014C,LSOA,E06000027,5,Southern
E01015233,Torbay 014D,LSOA,E06000027,1,Southern
E01015234,Torbay 014E,LSOA,E06000027,2,Southern
E01015235,Torbay 014F,LSOA,E06000027,3,Southern
E01015236,Torbay 002A,LSOA,E06000027,4,Southern
E01015237,Torbay 002B,LSOA,E06000027,5,Southern
E01015238,Torbay 002C,LSOA,E06000027,1,Southern
E01015239,Torbay 002D,LSOA,E06000027,2,Southern
E01015240,Torbay 005A,LSOA,E06000027,3,Southern
E01015241,Torbay 005B,LSOA,E06000027,4,Southern
E01015242,Torbay 005C,LSOA,E06000027,5,Southern
E01015243,Torbay 005D,LSOA,E06000027,1,Southern
E01015244,Torbay 018A,LSOA,E06000027,2,Southern
E01015245,Torbay 018B,LSOA,E06000027,3,Southern
E01015246,Torbay 018C,LSOA,E06000027,4,Southern
E01015247,Torbay 018D,LSOA,E06000027,5,Southern
E01015248,Torbay 018E,LSOA,E06000027,1,Southern
E01015249,Torbay 003A,LSOA,E06000027,2,Southern
E01015250,Torbay 003B,LSOA,E06000027,3,Southern
E01015251,Torbay 003C,LSOA,E06000027,4,Southern
E01015252,Torbay 003D,LSOA,E06000027,5,Southern
E01015253,Torbay 003E,LSOA,E06000027,1,Southern
E01015254,Torbay 003F,LSOA,E06000027,2,Southern
E01015255,Torbay 008B,LSOA,E06000027,3,Southern
E01015256,Torbay 008C,LSOA,E06000027,4,Southern
E01015257,Torbay 004A,LSOA,E06000027,5,Southern
E01015258,Torbay 004B,LSOA,E06000027,1,Southern
E01015259,Torbay 004C,LSOA,E06000027,2,Southern
E01015260,Torbay 004D,LSOA,E06000027,3,Southern
E01015261,Torbay 008D,LSOA,E06000027,4,Southern
E01015262,Torbay 001A,LSOA,E06000027,5,Southern
E01015263,Torbay 001B,LSOA,E06000027,1,Southern
E01015264,Torbay 001C,LSOA,E06000027,2,Southern
E01015265,Torbay 001D,LSOA,E06000027,3,Southern
E01015266,Torbay 001E,LSOA,E06000027,4,Southern
E01015267,Torbay 010A,LSOA,E06000027,5,Southern
E01015268,Torbay 010B,LSOA,E06000027,1,Southern
E01015269,Torbay 010C,LSOA,E06000027,2,Southern
E01015270,Torbay 010D,LSOA,E06000027,3,Southern
E01015271,Torbay 010E,LSOA,E06000027,4,Southern
E01019886,East Devon 005A,LSOA,E07000040,5,Eastern
E01019887,East Devon 005B,LSOA,E07000040,1,Eastern
E01019888,East Devon 005C,LSOA,E07000040,2,Eastern
E01019889,East Devon 005D,LSOA,E07000040,3,Eastern
E01019890,East Devon 009A,LSOA,E07000040,4,Eastern
E01019891,East Devon 006A,LSOA,E07000040,5,Eastern
E01019892,East Devon 006B,LSOA,E07000040,1,Eastern
E01019893,East Devon 006C,LSOA,E07000040,2,Eastern
E01019894,East Devon 017A,LSOA,E07000040,3,Eastern
E01019895,East Devon 017B,LSOA,E07000040,4,Eastern
E01019896,East Devon 017C,LSOA,E07000040,5,Eastern
E01019897,East Devon 017D,LSOA,E07000040,1,Eastern
E01019898,East Devon 014A,LSOA,E07000040,2,Eastern
E01019899,East Devon 007A,LSOA,E07000040,3,Eastern
E01019900,East Devon 007B,LSOA,E07000040,4,Eastern
E01019901,East Devon 009B,LSOA,E07000040,5,Eastern
E01019902,East Devon 001A,LSOA,E07000040,1,Eastern
E01019903,East Devon 006D,LSOA,E07000040,2,Eastern
E01019904,East Devon 015A,LSOA,E07000040,3,Eastern
E01019905,East Devon 015B,LSOA,E07000040,4,Eastern
E01019906,East Devon 015C,LSOA,E07000040,5,Eastern
E01019907,East Devon 015D,LSOA,E07000040,1,Eastern
E01019908,East Devon 016A,LSOA,E07000040,2,Eastern
E01019909,East Devon 016B,LSOA,E07000040,3,Eastern
E01019910,East Devon 016C,LSOA,E07000040,4,Eastern
E01019911,East Devon 016D,LSOA,E07000040,5,Eastern
E01019912,East Devon 020A,LSOA,E07000040,1,Eastern
E01019913,East Devon 020B,LSOA,E07000040,2,Eastern
E01019914,East Devon 020C,LSOA,E07000040,3,Eastern
E01019915,East Devon 020D,LSOA,E07000040,4,Eastern
E01019916,East Devon 019A,LSOA,E07000040,5,Eastern
E01019917,East Devon 019B,LSOA,E07000040,1,Eastern
E01019918,East Devon 019C,LSOA,E07000040,2,Eastern
E01019919,East Devon 019D,LSOA,E07000040,3,Eastern
E01019920,East Devon 018A,LSOA,E07000040,4,Eastern
E01019921,East Devon 018B,LSOA,E07000040,5,Eastern
E01019922,East Devon 018C,LSOA,E07000040,1,Eastern
E01019923,East Devon 018D,LSOA,E07000040,2,Eastern
E01019924,East Devon 018E,LSOA,E07000040,3,Eastern
E01019925,East Devon 004A,LSOA,E07000040,4,Eastern
E01019927,East Devon 002A,LSOA,E07000040,5,Eastern
E01019928,East Devon 003A,LSOA,E07000040,1,Eastern
E01019929,East Devon 003B,LSOA,E07000040,2,Eastern
E01019930,East Devon 003C,LSOA,E07000040,3,Eastern
E01019931,East Devon 003D,LSOA,E07000040,4,Eastern
E01019932,East Devon 002B,LSOA,E07000040,5,Eastern
E01019933,East Devon 002C,LSOA,E07000040,1,Eastern
E01019934,East Devon 002D,LSOA,E07000040,2,Eastern
E01019935,East Devon 007C,LSOA,E07000040,3,Eastern
E01019936,East Devon 007D,LSOA,E07000040,4,Eastern
E01019937,East Devon 013A,LSOA,E07000040,5,Eastern
E01019938,East Devon 001B,LSOA,E07000040,1,Eastern
E01019939,East Devon 008A,LSOA,E07000040,2,Eastern
E01019940,East Devon 008B,LSOA,E07000040,3,Eastern
E01019942,East Devon 008C,LSOA,E07000040,4,Eastern
E01019943,East Devon 008D,LSOA,E07000040,5,Eastern
E01019944,East Devon 008E,LSOA,E07000040,1,Eastern
E01019945,East Devon 013B,LSOA,E07000040,2,Eastern
E01019946,East Devon 010A,LSOA,E07000040,3,Eastern
E01019947,East Devon 010B,LSOA,E07000040,4,Eastern
E01019948,East Devon 010C,LSOA,E07000040,5,Eastern
E01019949,East Devon 010D,LSOA,E07000040,1,Eastern
E01019950,East Devon 010E,LSOA,E07000040,2,Eastern
E01019951,East Devon 009C,LSOA,E07000040,3,Eastern
E01019952,East Devon 011A,LSOA,E07000040,4,Eastern
E01019953,East Devon 011B,LSOA,E07000040,5,Eastern
E01019954,East Devon 011C,LSOA,E07000040,1,Eastern
E01019955,East Devon 011D,LSOA,E07000040,2,Eastern
E01019956,East Devon 012A,LSOA,E07000040,3,Eastern
E01019957,East Devon 012B,LSOA,E07000040,4,Eastern
E01019958,East Devon 012C,LSOA,E07000040,5,Eastern
E01019959,East Devon 004D,LSOA,E07000040,1,Eastern
E01019960,East Devon 004E,LSOA,E07000040,2,Eastern
E01019961,East Devon 007E,LSOA,E07000040,3,Eastern
E01019962,East Devon 004F,LSOA,E07000040,4,Eastern
E01019963,East Devon 013C,LSOA,E07000040,5,Eastern
E01019964,East Devon 014B,LSOA,E07000040,1,Eastern
E01019965,East Devon 014C,LSOA,E07000040,2,Eastern
E01019966,East Devon 005E,LSOA,E07000040,3,Eastern
E01019967,East Devon 001C,LSOA,E07000040,4,Eastern
E01019968,Exeter 014A,LSOA,E07000041,5,Eastern
E01019969,Exeter 014B,LSOA,E07000041,1,Eastern
E01019970,Exeter 014C,LSOA,E07000041,2,Eastern
E01019971,Exeter 014D,LSOA,E07000041,3,Eastern
E01019972,Exeter 014E,LSOA,E07000041,4,Eastern
E01019973,Exeter 012A,LSOA,E07000041,5,Eastern
E01019974,Exeter 012B,LSOA,E07000041,1,Eastern
E01019975,Exeter 010A,LSOA,E07000041,2,Eastern
E01019976,Exeter 012C,LSOA,E07000041,3,Eastern
E01019977,Exeter 012D,LSOA,E07000041,4,Eastern
E01019980,Exeter 005A,LSOA,E07000041,5,Eastern
E01019981,Exeter 012E,LSOA,E07000041,1,Eastern
E01019982,Exeter 005B,LSOA,E07000041,2,Eastern
E01019983,Exeter 005C,LSOA,E07000041,3,Eastern
E01019984,Exeter 005D,LSOA,E07000041,4,Eastern
E01019985,Exeter 005E,LSOA,E07000041,5,Eastern
E01019986,Exeter 007A,LSOA,E07000041,1,Eastern
E01019987,Exeter 006A,LSOA,E07000041,2,Eastern
E01019988,Exeter 013A,LSOA,E07000041,3,Eastern
E01019989,Exeter 006B,LSOA,E07000041,4,Eastern
E01019990,Exeter 002A,LSOA,E07000041,5,Eastern
E01019991,Exeter 002B,LSOA,E07000041,1,Eastern
E01019992,Exeter 003A,LSOA,E07000041,2,Eastern
E01019993,Exeter 002C,LSOA,E07000041,3,Eastern
E01019994,Exeter 008A,LSOA,E07000041,4,Eastern
E01019995,Exeter 008B,LSOA,E07000041,5,Eastern
E01019996,Exeter 009A,LSOA,E07000041,1,Eastern
E01019997,Exeter 004A,LSOA,E07000041,2,Eastern
E01019998,Exeter 001C,LSOA,E07000041,3,Eastern
E01019999,Exeter 001D,LSOA,E07000041,4,Eastern
E01020000,Exeter 002D,LSOA,E07000041,5,Eastern
E01020001,Exeter 001E,LSOA,E07000041,1,Eastern
E01020002,Exeter 003B,LSOA,E07000041,2,Eastern
E01020003,Exeter 003C,LSOA,E07000041,3,Eastern
E01020004,Exeter 003D,LSOA,E07000041,4,Eastern
E01020005,Exeter 003E,LSOA,E07000041,5,Eastern
E01020006,Exeter 006C,LSOA,E07000041,1,Eastern
E01020007,Exeter 002E,LSOA,E07000041,2,Eastern
E01020008,Exeter 006D,LSOA,E07000041,3,Eastern
E01020009,Exeter 006E,LSOA,E07000041,4,Eastern
E01020010,Exeter 013B,LSOA,E07000041,5,Eastern
E01020011,Exeter 015A,LSOA,E07000041,1,Eastern
E01020012,Exeter 015B,LSOA,E07000041,2,Eastern
E01020013,Exeter 013C,LSOA,E07000041,3,Eastern
E01020014,Exeter 013D,LSOA,E07000041,4,Eastern
E01020015,Exeter 013E,LSOA,E07000041,5,Eastern
E01020016,Exeter 008C,LSOA,E07000041,1,Eastern
E01020017,Exeter 008D,LSOA,E07000041,2,Eastern
E01020018,Exeter 008E,LSOA,E07000041,3,Eastern
E01020019,Exeter 004B,LSOA,E07000041,4,Eastern
E01020020,Exeter 004C,LSOA,E07000041,5,Eastern
E01020021,Exeter 004D,LSOA,E07000041,1,Eastern
E01020022,Exeter 004E,LSOA,E07000041,2,Eastern
E01020023,Exeter 009B,LSOA,E07000041,3,Eastern
E01020024,Exeter 009C,LSOA,E07000041,4,Eastern
E01020025,Exeter 009D,LSOA,E07000041,5,Eastern
E01020026,Exeter 011A,LSOA,E07000041,1,Eastern
E01020027,Exeter 011B,LSOA,E07000041,2,Eastern
E01020029,Exeter 010B,LSOA,E07000041,3,Eastern
E01020030,Exeter 010C,LSOA,E07000041,4,Eastern
E01020031,Exeter 010D,LSOA,E07000041,5,Eastern
E01020032,Exeter 010E,LSOA,E07000041,1,Eastern
E01020033,Exeter 015C,LSOA,E07000041,2,Eastern
E01020035,Exeter 011D,LSOA,E07000041,3,Eastern
E01020036,Exeter 007B,LSOA,E07000041,4,Eastern
E01020037,Exeter 007C,LSOA,E07000041,5,Eastern
E01020038,Exeter 011E,LSOA,E07000041,1,Eastern
E01020039,Exeter 007D,LSOA,E07000041,2,Eastern
E01020040,Exeter 007E,LSOA,E07000041,3,Eastern
E01020041,Mid Devon 011A,LSOA,E07000042,4,Eastern
E01020042,Mid Devon 011B,LSOA,E07000042,5,Eastern
E01020043,Mid Devon 008A,LSOA,E07000042,1,Eastern
E01020044,Mid Devon 008B,LSOA,E07000042,2,Eastern
E01020045,Mid Devon 006A,LSOA,E07000042,3,Eastern
E01020046,Mid Devon 001A,LSOA,E07000042,4,Eastern
E01020047,Mid Devon 002A,LSOA,E07000042,5,Eastern
E01020048,Mid Devon 005A,LSOA,E07000042,1,Eastern
E01020049,Mid Devon 001B,LSOA,E07000042,2,Eastern
E01020050,Mid Devon 001C,LSOA,E07000042,3,Eastern
E01020051,Mid Devon 002B,LSOA,E07000042,4,Eastern
E01020052,Mid Devon 004A,LSOA,E07000042,5,Eastern
E01020053,Mid Devon 004B,LSOA,E07000042,1,Eastern
E01020054,Mid Devon 007A,LSOA,E07000042,2,Eastern
E01020055,Mid Devon 007B,LSOA,E07000042,3,Eastern
E01020056,Mid Devon 008C,LSOA,E07000042,4,Eastern
E01020057,Mid Devon 007C,LSOA,E07000042,5,Eastern
E01020058,Mid Devon 007D,LSOA,E07000042,1,Eastern
E01020059,Mid Devon 006B,LSOA,E07000042,2,Eastern
E01020060,Mid Devon 011C,LSOA,E07000042,3,Eastern
E01020061,Mid Devon 011D,LSOA,E07000042,4,Eastern
E01020062,Mid Devon 006C,LSOA,E07000042,5,Eastern
E01020063,Mid Devon 003A,LSOA,E07000042,1,Eastern
E01020064,Mid Devon 006D,LSOA,E07000042,2,Eastern
E01020065,Mid Devon 004C,LSOA,E07000042,3,Eastern
E01020066,Mid Devon 002C,LSOA,E07000042,4,Eastern
E01020067,Mid Devon 004D,LSOA,E07000042,5,Eastern
E01020068,Mid Devon 010A,LSOA,E07000042,1,Eastern
E01020069,Mid Devon 010B,LSOA,E07000042,2,Eastern
E01020070,Mid Devon 010C,LSOA,E07000042,3,Eastern
E01020071,Mid Devon 008D,LSOA,E07000042,4,Eastern
E01020072,Mid Devon 009A,LSOA,E07000042,5,Eastern
E01020073,Mid Devon 009B,LSOA,E07000042,1,Eastern
E01020074,Mid Devon 003B,LSOA,E07000042,2,Eastern
E01020075,Mid Devon 003C,LSOA,E07000042,3,Eastern
E01020076,Mid Devon 009C,LSOA,E07000042,4,Eastern
E01020077,Mid Devon 001D,LSOA,E07000042,5,Eastern
E01020078,Mid Devon 005B,LSOA,E07000042,1,Eastern
E01020079,Mid Devon 005C,LSOA,E07000042,2,Eastern
E01020080,Mid Devon 002D,LSOA,E07000042,3,Eastern
E01020081,Mid Devon 005D,LSOA,E07000042,4,Eastern
E01020082,Mid Devon 009D,LSOA,E07000042,5,Eastern
E01020083,Mid Devon 010D,LSOA,E07000042,1,Eastern
E01020084,North Devon 012A,LSOA,E07000043,2,Northern
E01020085,North Devon 012B,LSOA,E07000043,3,Northern
E01020086,North Devon 012C,LSOA,E07000043,4,Northern
E01020087,North Devon 014A,LSOA,E07000043,5,Northern
E01020088,North Devon 006A,LSOA,E07000043,1,Northern
E01020089,North Devon 005A,LSOA,E07000043,2,Northern
E01020090,North Devon 004A,LSOA,E07000043,3,Northern
E01020091,North Devon 005B,LSOA,E07000043,4,Northern
E01020092,North Devon 005C,LSOA,E07000043,5,Northern
E01020093,North Devon 005D,LSOA,E07000043,1,Northern
E01020094,North Devon 008A,LSOA,E07000043,2,Northern
E01020095,North Devon 008B,LSOA,E07000043,3,Northern
E01020096,North Devon 009A,LSOA,E07000043,4,Northern
E01020097,North Devon 013A,LSOA,E07000043,5,Northern
E01020098,North Devon 014B,LSOA,E07000043,1,Northern
E01020099,North Devon 002A,LSOA,E07000043,2,Northern
E01020100,North Devon 002B,LSOA,E07000043,3,Northern
E01020101,North Devon 002C,LSOA,E07000043,4,Northern
E01020102,North Devon 010A,LSOA,E07000043,5,Northern
E01020103,North Devon 010B,LSOA,E07000043,1,Northern
E01020104,North Devon 010C,LSOA,E07000043,2,Northern
E01020105,North Devon 011A,LSOA,E07000043,3,Northern
E01020106,North Devon 011B,LSOA,E07000043,4,Northern
E01020107,North Devon 011C,LSOA,E07000043,5,Northern
E01020108,North Devon 004B,LSOA,E07000043,1,Northern
E01020109,North Devon 004C,LSOA,E07000043,2,Northern
E01020110,North Devon 005E,LSOA,E07000043,3,Northern
E01020111,North Devon 001A,LSOA,E07000043,4,Northern
E01020112,North Devon 001B,LSOA,E07000043,5,Northern
E01020113,North Devon 003A,LSOA,E07000043,1,Northern
E01020114,North Devon 001C,LSOA,E07000043,2,Northern
E01020115,North Devon 001D,LSOA,E07000043,3,Northern
E01020116,North Devon 003B,LSOA,E07000043,4,Northern
E01020117,North Devon 003C,LSOA,E07000043,5,Northern
E01020118,North Devon 003D,LSOA,E07000043,1,Northern
E01020119,North Devon 011D,LSOA,E07000043,2,Northern
E01020120,North Devon 006B,LSOA,E07000043,3,Northern
E01020121,North Devon 012D,LSOA,E07000043,4,Northern
E01020122,North Devon 012E,LSOA,E07000043,5,Northern
E01020123,North Devon 009B,LSOA,E07000043,1,Northern
E01020124,North Devon 009C,LSOA,E07000043,2,Northern
E01020125,North Devon 009D,LSOA,E07000043,3,Northern
E01020126,North Devon 002D,LSOA,E07000043,4,Northern
E01020127,North Devon 006C,LSOA,E07000043,5,Northern
E01020128,North Devon 010D,LSOA,E07000043,1,Northern
E01020129,North Devon 010E,LSOA,E07000043,2,Northern
E01020130,North Devon 010F,LSOA,E07000043,3,Northern
E01020131,North Devon 013B,LSOA,E07000043,4,Northern
E01020132,North Devon 007A,LSOA,E07000043,5,Northern
E01020133,North Devon 007B,LSOA,E07000043,1,Northern
E01020134,North Devon 007C,LSOA,E07000043,2,Northern
E01020135,North Devon 013C,LSOA,E07000043,3,Northern
E01020136,North Devon 013D,LSOA,E07000043,4,Northern
E01020137,North Devon 013E,LSOA,E07000043,5,Northern
E01020138,North Devon 014C,LSOA,E07000043,1,Northern
E01020139,North Devon 007D,LSOA,E07000043,2,Northern
E01020140,North Devon 008C,LSOA,E07000043,3,Northern
E01020141,North Devon 008D,LSOA,E07000043,4,Northern
E01020142,South Hams 006A,LSOA,E07000044,5,
E01020143,South Hams 006B,LSOA,E07000044,1,
E01020144,South Hams 001A,LSOA,E07000044,2,
E01020145,South Hams 001B,LSOA,E07000044,3,
E01020146,South Hams 001C,LSOA,E07000044,4,
E01020147,South Hams 008A,LSOA,E07000044,5,
E01020148,South Hams 002A,LSOA,E07000044,1,
E01020149,South Hams 001D,LSOA,E07000044,2,
E01020150,South Hams 006C,LSOA,E07000044,3,
E01020151,South Hams 007A,LSOA,E07000044,4,
E01020152,South Hams 007B,LSOA,E07000044,5,
E01020153,South Hams 004A,LSOA,E07000044,1,
E01020154,South Hams 007C,LSOA,E07000044,2,
E01020155,South Hams 007D,LSOA,E07000044,3,
E01020156,South Hams 004B,LSOA,E07000044,4,
E01020157,South Hams 002B,LSOA,E07000044,5,
E01020158,South Hams 008B,LSOA,E07000044,1,
E01020159,South Hams 008C,LSOA,E07000044,2,
E01020160,South Hams 002C,LSOA,E07000044,3,
E01020161,South Hams 005A,LSOA,E07000044,4,
E01020162,South Hams 005B,LSOA,E07000044,5,
E01020163,South Hams 005C,LSOA,E07000044,1,
E01020164,South Hams 005D,LSOA,E07000044,2,
E01020165,South Hams 005E,LSOA,E07000044,3,
E01020166,South Hams 005F,LSOA,E07000044,4,
E01020167,South Hams 005G,LSOA,E07000044,5,
E01020168,South Hams 010A,LSOA,E07000044,1,
E01020169,South Hams 010B,LSOA,E07000044,2,
E01020170,South Hams 004C,LSOA,E07000044,3,
E01020171,South Hams 009A,LSOA,E07000044,4,
E01020172,South Hams 012A,LSOA,E07000044,5,
E01020173,South Hams 012B,LSOA,E07000044,1,
E01020174,South Hams 011A,LSOA,E07000044,2,
E01020175,South Hams 011B,LSOA,E07000044,3,
E01020176,South Hams 002D,LSOA,E07000044,4,
E01020177,South Hams 002E,LSOA,E07000044,5,
E01020178,South Hams 011C,LSOA,E07000044,1,
E01020179,South Hams 012C,LSOA,E07000044,2,
E01020180,South Hams 003A,LSOA,E07000044,3,
E01020181,South Hams 003B,LSOA,E07000044,4,
E01020182,South Hams 003C,LSOA,E07000044,5,
E01020183,South Hams 003D,LSOA,E07000044,1,
E01020184,South Hams 003E,LSOA,E07000044,2,
E01020185,South Hams 009B,LSOA,E07000044,3,
E01020186,South Hams 009C,LSOA,E07000044,4,
E01020187,South Hams 009D,LSOA,E07000044,5,
E01020188,South Hams 004D,LSOA,E07000044,1,
E01020189,South Hams 010C,LSOA,E07000044,2,
E01020190,South Hams 008D,LSOA,E07000044,3,
E01020191,Teignbridge 013A,LSOA,E07000045,4,
E01020192,Teignbridge 019A,LSOA,E07000045,5,
E01020193,Teignbridge 019B,LSOA,E07000045,1,
E01020194,Teignbridge 013B,LSOA,E07000045,2,
E01020195,Teignbridge 017A,LSOA,E07000045,3,
E01020196,Teignbridge 017B,LSOA,E07000045,4,
E01020197,Teignbridge 017C,LSOA,E07000045,5,
E01020198,Teignbridge 017D,LSOA,E07000045,1,
E01020199,Teignbridge 017E,LSOA,E07000045,2,
E01020200,Teignbridge 011A,LSOA,E07000045,3,
E01020201,Teignbridge 011B,LSOA,E07000045,4,
E01020202,Teignbridge 007A,LSOA,E07000045,5,
E01020203,Teignbridge 004A,LSOA,E07000045,1,
E01020204,Teignbridge 007B,LSOA,E07000045,2,
E01020205,Teignbridge 003A,LSOA,E07000045,3,
E01020206,Teignbridge 004B,LSOA,E07000045,4,
E01020207,Teignbridge 013C,LSOA,E07000045,5,
E01020208,Teignbridge 012A,LSOA,E07000045,1,
E01020209,Teignbridge 012B,LSOA,E07000045,2,
E01020210,Teignbridge 012C,LSOA,E07000045,3,
E01020211,Teignbridge 014A,LSOA,E07000045,4,
E01020212,Teignbridge 016A,LSOA,E07000045,5,
E01020213,Teignbridge 016B,LSOA,E07000045,1,
E01020214,Teignbridge 016C,LSOA,E07000045,2,
E01020215,Teignbridge 016D,LSOA,E07000045,3,
E01020216,Teignbridge 015A,LSOA,E07000045,4,
E01020217,Teignbridge 014B,LSOA,E07000045,5,
E01020218,Teignbridge 014C,LSOA,E07000045,1,
E01020219,Teignbridge 012D,LSOA,E07000045,2,
E01020220,Teignbridge 004C,LSOA,E07000045,3,
E01020221,Teignbridge 004D,LSOA,E07000045,4,
E01020222,Teignbridge 004E,LSOA,E07000045,5,
E01020223,Teignbridge 004F,LSOA,E07000045,1,
E01020224,Teignbridge 014D,LSOA,E07000045,2,
E01020225,Teignbridge 015B,LSOA,E07000045,3,
E01020226,Teignbridge 015C,LSOA,E07000045,4,
E01020227,Teignbridge 015D,LSOA,E07000045,5,
E01020228,Teignbridge 006A,LSOA,E07000045,1,
E01020229,Teignbridge 005A,LSOA,E07000045,2,
E01020230,Teignbridge 005B,LSOA,E07000045,3,
E01020231,Teignbridge 005C,LSOA,E07000045,4,
E01020232,Teignbridge 005D,LSOA,E07000045,5,
E01020233,Teignbridge 006B,LSOA,E07000045,1,
E01020234,Teignbridge 006C,LSOA,E07000045,2,
E01020235,Teignbridge 006D,LSOA,E07000045,3,
E01020236,Teignbridge 007C,LSOA,E07000045,4,
E01020237,Teignbridge 007D,LSOA,E07000045,5,
E01020238,Teignbridge 019C,LSOA,E07000045,1,
E01020239,Teignbridge 019D,LSOA,E07000045,2,
E01020240,Teignbridge 002A,LSOA,E07000045,3,
E01020241,Teignbridge 002B,LSOA,E07000045,4,
E01020242,Teignbridge 002C,LSOA,E07000045,5,
E01020243,Teignbridge 001A,LSOA,E07000045,1,
E01020244,Teignbridge 002D,LSOA,E07000045,2,
E01020245,Teignbridge 002E,LSOA,E07000045,3,
E01020246,Teignbridge 018A,LSOA,E07000045,4,
E01020247,Teignbridge 018B,LSOA,E07000045,5,
E01020248,Teignbridge 018C,LSOA,E07000045,1,
E01020249,Teignbridge 018D,LSOA,E07000045,2,
E01020250,Teignbridge 009A,LSOA,E07000045,3,
E01020251,Teignbridge 011C,LSOA,E07000045,4,
E01020252,Teignbridge 009B,LSOA,E07000045,5,
E01020253,Teignbridge 009C,LSOA,E07000045,1,
E01020254,Teignbridge 009D,LSOA,E07000045,2,
E01020255,Teignbridge 009E,LSOA,E07000045,3,
E01020256,Teignbridge 013D,LSOA,E07000045,4,
E01020257,Teignbridge 009F,LSOA,E07000045,5,
E01020258,Teignbridge 003B,LSOA,E07000045,1,
E01020259,Teignbridge 003C,LSOA,E07000045,2,
E01020260,Teignbridge 011D,LSOA,E07000045,3,
E01020261,Teignbridge 011E,LSOA,E07000045,4,
E01020262,Teignbridge 001B,LSOA,E07000045,5,
E01020263,Teignbridge 001C,LSOA,E07000045,1,
E01020264,Teignbridge 010A,LSOA,E07000045,2,
E01020265,Teignbridge 008A,LSOA,E07000045,3,
E01020266,Teignbridge 008B,LSOA,E07000045,4,
E01020267,Teignbridge 008C,LSOA,E07000045,5,
E01020268,Teignbridge 008D,LSOA,E07000045,1,
E01020269,Teignbridge 010B,LSOA,E07000045,2,
E01020270,Teignbridge 008E,LSOA,E07000045,3,
E01020271,Teignbridge 010C,LSOA,E07000045,4,
E01020272,Teignbridge 010D,LSOA,E07000045,5,
E01020273,Teignbridge 003D,LSOA,E07000045,1,
E01020274,Teignbridge 001D,LSOA,E07000045,2,
E01020275,Torridge 001A,LSOA,E07000046,3,Northern
E01020276,Torridge 001B,LSOA,E07000046,4,Northern
E01020277,Torridge 004A,LSOA,E07000046,5,Northern
E01020278,Torridge 004B,LSOA,E07000046,1,Northern
E01020279,Torridge 004C,LSOA,E07000046,2,Northern
E01020280,Torridge 003A,LSOA,E07000046,3,Northern
E01020281,Torridge 003B,LSOA,E07000046,4,Northern
E01020282,Torridge 003C,LSOA,E07000046,5,Northern
E01020283,Torridge 004D,LSOA,E07000046,1,Northern
E01020284,Torridge 004E,LSOA,E07000046,2,Northern
E01020285,Torridge 004F,LSOA,E07000046,3,Northern
E01020286,Torridge 009A,LSOA,E07000046,4,Northern
E01020287,Torridge 007A,LSOA,E07000046,5,Northern
E01020288,Torridge 005A,LSOA,E07000046,1,Northern
E01020289,Torridge 009B,LSOA,E07000046,2,Northern
E01020290,Torridge 009C,LSOA,E07000046,3,Northern
E01020291,Torridge 008A,LSOA,E07000046,4,Northern
E01020292,Torridge 005B,LSOA,E07000046,5,Northern
E01020293,Torridge 008B,LSOA,E07000046,1,Northern
E01020294,Torridge 008C,LSOA,E07000046,2,Northern
E01020295,Torridge 005C,LSOA,E07000046,3,Northern
E01020296,Torridge 005D,LSOA,E07000046,4,Northern
E01020297,Torridge 001C,LSOA,E07000046,5,Northern
E01020298,Torridge 002A,LSOA,E07000046,1,Northern
E01020299,Torridge 001D,LSOA,E07000046,2,Northern
E01020300,Torridge 002B,LSOA,E07000046,3,Northern
E01020301,Torridge 009D,LSOA,E07000046,4,Northern
E01020302,Torridge 008D,LSOA,E07000046,5,Northern
E01020303,Torridge 007B,LSOA,E07000046,1,Northern
E01020304,Torridge 006A,LSOA,E07000046,2,Northern
E01020305,Torridge 006B,LSOA,E07000046,3,Northern
E01020306,Torridge 006C,LSOA,E07000046,4,Northern
E01020307,Torridge 006D,LSOA,E07000046,5,Northern
E01020308,Torridge 007C,LSOA,E07000046,1,Northern
E01020309,Torridge 008E,LSOA,E07000046,2,Northern
E01020310,Torridge 002C,LSOA,E07000046,3,Northern
E01020311,Torridge 007D,LSOA,E07000046,4,Northern
E01020312,West Devon 007A,LSOA,E07000047,5,Western
E01020313,West Devon 007B,LSOA,E07000047,1,Western
E01020314,West Devon 004A,LSOA,E07000047,2,Western
E01020315,West Devon 007C,LSOA,E07000047,3,Western
E01020316,West Devon 007D,LSOA,E07000047,4,Western
E01020317,West Devon 006A,LSOA,E07000047,5,Western
E01020318,West Devon 003A,LSOA,E07000047,1,Western
E01020319,West Devon 003B,LSOA,E07000047,2,Western
E01020320,West Devon 001A,LSOA,E07000047,3,Western
E01020321,West Devon 001B,LSOA,E07000047,4,Western
E01020322,West Devon 001C,LSOA,E07000047,5,Western
E01020323,West Devon 003C,LSOA,E07000047,1,Western
E01020324,West Devon 006B,LSOA,E07000047,2,Western
E01020325,West Devon 004B,LSOA,E07000047,3,Western
E01020326,West Devon 001D,LSOA,E07000047,4,Western
E01020327,West Devon 002A,LSOA,E07000047,5,Western
E01020328,West Devon 002B,LSOA,E07000047,1,Western
E01020329,West Devon 002C,LSOA,E07000047,2,Western
E01020330,West Devon 002D,LSOA,E07000047,3,Western
E01020331,West Devon 004C,LSOA,E07000047,4,Western
E01020332,West Devon 005A,LSOA,E07000047,5,Western
E01020333,West Devon 005B,LSOA,E07000047,1,Western
E01020334,West Devon 005C,LSOA,E07000047,2,Western
E01020335,West Devon 005D,LSOA,E07000047,3,Western
E01020336,West Devon 005E,LSOA,E07000047,4,Western
E01020337,West Devon 005F,LSOA,E07000047,5,Western
E01020338,West Devon 005G,LSOA,E07000047,1,Western
E01020339,West Devon 003D,LSOA,E07000047,2,Western
E01020340,West Devon 004D,LSOA,E07000047,3,Western
E01020341,West Devon 006C,LSOA,E07000047,4,Western
E01020342,West Devon 006D,LSOA,E07000047,5,Western
E01032628,East Devon 004G,LSOA,E07000040,1,Eastern
E01032657,Plymouth 027F,LSOA,E06000026,2,Western
E01032658,Plymouth 027G,LSOA,E06000026,3,Western
E01033232,Exeter 011F,LSOA,E07000041,4,Eastern
E01033233,Exeter 001F,LSOA,E07000041,5,Eastern
E01033234,Exeter 011G,LSOA,E07000041,1,Eastern
E01033235,Exeter 015E,LSOA,E07000041,2,Eastern
E01033236,Exeter 015F,LSOA,E07000041,3,Eastern
E07000040,East Devon,District,E10000008,4,
E07000041,Exeter,District,E10000008,5,
E07000042,Mid Devon,District,E10000008,1,
E07000043,North Devon,District,E10000008,2,
E07000044,South Hams,District,E10000008,3,
E07000045,Teignbridge,District,E10000008,4,
E07000046,Torridge,District,E10000008,5,
E07000047,West Devon,District,E10000008,1,
E10000008,Devon,County,E12000009,2,
E06000026,Plymouth,Unitary,E12000009,3,
E06000027,Torbay,Unitary,E12000009,4,
IMDQ1,Q1 - Most Deprived,IMD Quartile,,1,
IMDQ2,Q2 - Above Average,IMD Quartile,,2,
IMDQ3,Q3 - Average,IMD Quartile,,3,
IMDQ4,Q4 - Below Average,IMD Quartile,,4,
IMDQ5,Q5 - Least Deprived,IMD Quartile,,5,
E02003122,Plymouth 001,MSOA,E06000026,1,
E02003123,Plymouth 002,MSOA,E06000026,2,
E02003124,Plymouth 003,MSOA,E06000026,3,
E02003125,Plymouth 004,MSOA,E06000026,4,
E02003126,Plymouth 005,MSOA,E06000026,5,
E02003127,Plymouth 006,MSOA,E06000026,1,
E02003128,Plymouth 007,MSOA,E06000026,2,
E02003129,Plymouth 008,MSOA,E06000026,3,
E02003130,Plymouth 009,MSOA,E06000026,4,
E02003131,Plymouth 010,MSOA,E06000026,5,
E02003132,Plymouth 011,MSOA,E06000026,1,
E02003133,Plymouth 012,MSOA,E06000026,2,
E02003134,Plymouth 013,MSOA,E06000026,3,
E02003135,Plymouth 014,MSOA,E06000026,4,
E02003136,Plymouth 015,MSOA,E06000026,5,
E02003137,Plymouth 016,MSOA,E06000026,1,
E02003138,Plymouth 017,MSOA,E06000026,2,
E02003139,Plymouth 018,MSOA,E06000026,3,
E02003140,Plymouth 019,MSOA,E06000026,4,
E02003141,Plymouth 020,MSOA,E06000026,5,
E02003142,Plymouth 021,MSOA,E06000026,1,
E02003143,Plymouth 022,MSOA,E06000026,2,
E02003144,Plymouth 023,MSOA,E06000026,3,
E02003145,Plymouth 024,MSOA,E06000026,4,
E02003146,Plymouth 025,MSOA,E06000026,5,
E02003147,Plymouth 026,MSOA,E06000026,1,
E02003148,Plymouth 027,MSOA,E06000026,2,
E02003149,Plymouth 028,MSOA,E06000026,3,
E02003150,Plymouth 029,MSOA,E06000026,4,
E02003151,Plymouth 030,MSOA,E06000026,5,
E02003152,Plymouth 031,MSOA,E06000026,1,
E02003153,Plymouth 032,MSOA,E06000026,2,
E02003154,Torbay 001,MSOA,E06000027,3,
E02003155,Torbay 002,MSOA,E06000027,4,
E02003156,Torbay 003,MSOA,E06000027,5,
E02003157,Torbay 004,MSOA,E06000027,1,
E02003158,Torbay 005,MSOA,E06000027,2,
E02003159,Torbay 006,MSOA,E06000027,3,
E02003161,Torbay 008,MSOA,E06000027,4,
E02003163,Torbay 010,MSOA,E06000027,5,
E02003164,Torbay 011,MSOA,E06000027,1,
E02003165,Torbay 012,MSOA,E06000027,2,
E02003166,Torbay 013,MSOA,E06000027,3,
E02003167,Torbay 014,MSOA,E06000027,4,
E02003168,Torbay 015,MSOA,E06000027,5,
E02003169,Torbay 016,MSOA,E06000027,1,
E02003170,Torbay 017,MSOA,E06000027,2,
E02003171,Torbay 018,MSOA,E06000027,3,
E02004129,East Devon 001,MSOA,E07000040,4,
E02004130,East Devon 002,MSOA,E07000040,5,
E02004131,East Devon 003,MSOA,E07000040,1,
E02004132,East Devon 004,MSOA,E07000040,2,
E02004133,East Devon 005,MSOA,E07000040,3,
E02004134,East Devon 006,MSOA,E07000040,4,
E02004135,East Devon 007,MSOA,E07000040,5,
E02004136,East Devon 008,MSOA,E07000040,1,
E02004137,East Devon 009,MSOA,E07000040,2,
E02004138,East Devon 010,MSOA,E07000040,3,
E02004139,East Devon 011,MSOA,E07000040,4,
E02004140,East Devon 012,MSOA,E07000040,5,
E02004141,East Devon 013,MSOA,E07000040,1,
E02004142,East Devon 014,MSOA,E07000040,2,
E02004143,East Devon 015,MSOA,E07000040,3,
E02004144,East Devon 016,MSOA,E07000040,4,
E02004145,East Devon 017,MSOA,E07000040,5,
E02004146,East Devon 018,MSOA,E07000040,1,
E02004147,East Devon 019,MSOA,E07000040,2,
E02004148,East Devon 020,MSOA,E07000040,3,
E02004149,Exeter 001,MSOA,E07000041,4,
E02004150,Exeter 002,MSOA,E07000041,5,
E02004151,Exeter 003,MSOA,E07000041,1,
E02004152,Exeter 004,MSOA,E07000041,2,
E02004153,Exeter 005,MSOA,E07000041,3,
E02004154,Exeter 006,MSOA,E07000041,4,
E02004155,Exeter 007,MSOA,E07000041,5,
E02004156,Exeter 008,MSOA,E07000041,1,
E02004157,Exeter 009,MSOA,E07000041,2,
E02004158,Exeter 010,MSOA,E07000041,3,
E02004159,Exeter 011,MSOA,E07000041,4,
E02004160,Exeter 012,MSOA,E07000041,5,
E02004161,Exeter 013,MSOA,E07000041,1,
E02004162,Exeter 014,MSOA,E07000041,2,
E02004163,Exeter 015,MSOA,E07000041,3,
E02004164,Mid Devon 001,MSOA,E07000042,4,
E02004165,Mid Devon 002,MSOA,E07000042,5,
E02004166,Mid Devon 003,MSOA,E07000042,1,
E02004167,Mid Devon 004,MSOA,E07000042,2,
E02004168,Mid Devon 005,MSOA,E07000042,3,
E02004169,Mid Devon 006,MSOA,E07000042,4,
E02004170,Mid Devon 007,MSOA,E07000042,5,
E02004171,Mid Devon 008,MSOA,E07000042,1,
E02004172,Mid Devon 009,MSOA,E07000042,2,
E02004173,Mid Devon 010,MSOA,E07000042,3,
E02004174,Mid Devon 011,MSOA,E07000042,4,
E02004175,North Devon 001,MSOA,E07000043,5,
E02004176,North Devon 002,MSOA,E07000043,1,
E02004177,North Devon 003,MSOA,E07000043,2,
E02004178,North Devon 004,MSOA,E07000043,3,
E02004179,North Devon 005,MSOA,E07000043,4,
E02004180,North Devon 006,MSOA,E07000043,5,
E02004181,North Devon 007,MSOA,E07000043,1,
E02004182,North Devon 008,MSOA,E07000043,2,
E02004183,North Devon 009,MSOA,E07000043,3,
E02004184,North Devon 010,MSOA,E07000043,4,
E02004185,North Devon 011,MSOA,E07000043,5,
E02004186,North Devon 012,MSOA,E07000043,1,
E02004187,North Devon 013,MSOA,E07000043,2,
E02004188,North Devon 014,MSOA,E07000043,3,
E02004189,South Hams 001,MSOA,E07000044,4,
E02004190,South Hams 002,MSOA,E07000044,5,
E02004191,South Hams 003,MSOA,E07000044,1,
E02004192,South Hams 004,MSOA,E07000044,2,
E02004193,South Hams 005,MSOA,E07000044,3,
E02004194,South Hams 006,MSOA,E07000044,4,
E02004195,South Hams 007,MSOA,E07000044,5,
E02004196,South Hams 008,MSOA,E07000044,1,
E02004197,South Hams 009,MSOA,E07000044,2,
E02004198,South Hams 010,MSOA,E07000044,3,
E02004199,South Hams 011,MSOA,E07000044,4,
E02004200,South Hams 012,MSOA,E07000044,5,
E02004201,Teignbridge 001,MSOA,E07000045,1,
E02004202,Teignbridge 002,MSOA,E07000045,2,
E02004203,Teignbridge 003,MSOA,E07000045,3,
E02004204,Teignbridge 004,MSOA,E07000045,4,
E02004205,Teignbridge 005,MSOA,E07000045,5,
E02004206,Teignbridge 006,MSOA,E07000045,1,
E02004207,Teignbridge 007,MSOA,E07000045,2,
E02004208,Teignbridge 008,MSOA,E07000045,3,
E02004209,Teignbridge 009,MSOA,E07000045,4,
E02004210,Teignbridge 010,MSOA,E07000045,5,
E02004211,Teignbridge 011,MSOA,E07000045,1,
E02004212,Teignbridge 012,MSOA,E07000045,2,
E02004213,Teignbridge 013,MSOA,E07000045,3,
E02004214,Teignbridge 014,MSOA,E07000045,4,
E02004215,Teignbridge 015,MSOA,E07000045,5,
E02004216,Teignbridge 016,MSOA,E07000045,1,
E02004217,Teignbridge 017,MSOA,E07000045,2,
E02004218,Teignbridge 018,MSOA,E07000045,3,
E02004219,Teignbridge 019,MSOA,E07000045,4,
E02004220,Torridge 001,MSOA,E07000046,5,
E02004221,Torridge 002,MSOA,E07000046,1,
E02004222,Torridge 003,MSOA,E07000046,2,
E02004223,Torridge 004,MSOA,E07000046,3,
E02004224,Torridge 005,MSOA,E07000046,4,
E02004225,Torridge 006,MSOA,E07000046,5,
E02004226,Torridge 007,MSOA,E07000046,1,
E02004227,Torridge 008,MSOA,E07000046,2,
E02004228,Torridge 009,MSOA,E07000046,3,
E02004229,West Devon 001,MSOA,E07000047,4,
E02004230,West Devon 002,MSOA,E07000047,5,
E02004231,West Devon 003,MSOA,E07000047,1,
E02004232,West Devon 004,MSOA,E07000047,2,
E02004233,West Devon 005,MSOA,E07000047,3,
E02004234,West Devon 006,MSOA,E07000047,4,
E02004235,West Devon 007,MSOA,E07000047,5,
E02006840,Torbay 019,MSOA,E06000027,1,
TOWN01,Ashburton-Buckfastleigh,Town area,E10000008,4,
TOWN02,Axminster,Town area,E10000008,5,
TOWN03,Barnstaple,Town area,E10000008,1,
TOWN04,Bideford-Northam,Town area,E10000008,2,
TOWN05,Braunton,Town area,E10000008,3,
TOWN06,Crediton,Town area,E10000008,4,
TOWN07,Cullompton,Town area,E10000008,5,
TOWN08,Dartmouth,Town area,E10000008,1,
TOWN09,Dawlish,Town area,E10000008,2,
TOWN10,Exeter (Wider),Town area,E10000008,3,
TOWN11,Exmouth,Town area,E10000008,4,
TOWN12,Great Torrington,Town area,E10000008,5,
TOWN13,Holsworthy,Town area,E10000008,1,
TOWN14,Honiton,Town area,E10000008,2,
TOWN15,Ilfracombe,Town area,E10000008,3,
TOWN16,Ivybridge,Town area,E10000008,4,
TOWN17,Kingsbridge,Town area,E10000008,5,
TOWN18,Lynton-Lynmouth,Town area,E10000008,1,
TOWN19,Moretonhampstead,Town area,E10000008,2,
TOWN20,Newton Abbot,Town area,E10000008,3,
TOWN21,Okehampton,Town area,E10000008,4,
TOWN22,Ottery St Mary,Town area,E10000008,5,
TOWN23,Seaton,Town area,E10000008,1,
TOWN24,Sidmouth,Town area,E10000008,2,
TOWN25,South Molton,Town area,E10000008,3,
TOWN26,Tavistock,Town area,E10000008,4,
TOWN27,Teignmouth,Town area,E10000008,5,
TOWN28,Tiverton,Town area,E10000008,1,
TOWN29,Totnes,Town area,E10000008,2,
DIV1,Alphington & Cowick ED,Electoral Division,E07000041,3,
DIV2,Ashburton & Buckfastleigh ED,Electoral Division,E07000045,4,
DIV3,Axminster ED,Electoral Division,E07000040,5,
DIV4,Barnstaple North ED,Electoral Division,E07000043,1,
DIV5,Barnstaple South ED,Electoral Division,E07000043,2,
DIV6,Bickleigh & Wembury ED,Electoral Division,E07000044,3,
DIV7,Bideford East ED,Electoral Division,E07000046,4,
DIV8,Bideford West & Hartland ED,Electoral Division,E07000046,5,
DIV9,Bovey Rural ED,Electoral Division,E07000045,1,
DIV10,Braunton Rural ED,Electoral Division,E07000043,2,
DIV11,Broadclyst ED,Electoral Division,E07000040,3,
DIV12,Chudleigh & Teign Valley ED,Electoral Division,E07000045,4,
DIV13,Chulmleigh & Landkey ED,Electoral Division,E07000043,5,
DIV14,Combe Martin Rural ED,Electoral Division,E07000043,1,
DIV15,Crediton ED,Electoral Division,E07000042,2,
DIV16,Creedy Taw & Mid Exe ED,Electoral Division,E07000042,3,
DIV17,Cullompton & Bradninch ED,Electoral Division,E07000042,4,
DIV18,Dartmouth & Marldon ED,Electoral Division,E07000044,5,
DIV19,Dawlish ED,Electoral Division,E07000040,1,
DIV20,Duryard & Pennsylvania ED,Electoral Division,E07000041,2,
DIV21,Exminster & Haldon ED,Electoral Division,E07000045,3,
DIV22,Exmouth & Budleigh Salterton Coastal ED,Electoral Division,E07000040,4,
DIV23,Exmouth ED,Electoral Division,E07000040,5,
DIV24,Exwick & St Thomas ED,Electoral Division,E07000041,1,
DIV25,Feniton & Honiton ED,Electoral Division,E07000040,2,
DIV26,Fremington Rural ED,Electoral Division,E07000043,3,
DIV27,Hatherleigh & Chagford ED,Electoral Division,E07000047,4,
DIV28,Heavitree & Whipton Barton ED,Electoral Division,E07000041,5,
DIV29,Holsworthy Rural ED,Electoral Division,E07000046,1,
DIV30,Ilfracombe ED,Electoral Division,E07000043,2,
DIV31,Ipplepen & The Kerswells ED,Electoral Division,E07000045,3,
DIV32,Ivybridge ED,Electoral Division,E07000044,4,
DIV33,Kingsbridge ED,Electoral Division,E07000044,5,
DIV34,Kingsteignton & Teign Estuary ED,Electoral Division,E07000045,1,
DIV35,Newton Abbot North ED,Electoral Division,E07000045,2,
DIV36,Newton Abbot South ED,Electoral Division,E07000045,3,
DIV37,Northam ED,Electoral Division,E07000046,4,
DIV38,Okehampton Rural ED,Electoral Division,E07000047,5,
DIV39,Otter Valley ED,Electoral Division,E07000040,1,
DIV40,Pinhoe & Mincinglake ED,Electoral Division,E07000041,2,
DIV41,Salcombe ED,Electoral Division,E07000044,3,
DIV42,Seaton & Colyton ED,Electoral Division,E07000040,4,
DIV43,Sidmouth ED,Electoral Division,E07000040,5,
DIV44,South Brent & Yealmpton ED,Electoral Division,E07000044,1,
DIV45,South Molton ED,Electoral Division,E07000043,2,
DIV46,St David's & Haven Banks ED,Electoral Division,E07000041,3,
DIV47,St Sidwells & St James ED,Electoral Division,E07000041,4,
DIV48,Tavistock ED,Electoral Division,E07000047,5,
DIV49,Teignmouth ED,Electoral Division,E07000045,1,
DIV50,Tiverton East ED,Electoral Division,E07000042,2,
DIV51,Tiverton West ED,Electoral Division,E07000042,3,
DIV52,Torrington Rural ED,Electoral Division,E07000046,4,
DIV53,Totnes & Dartington ED,Electoral Division,E07000044,5,
DIV54,Wearside & Topsham ED,Electoral Division,E07000041,1,
DIV55,Whimple & Blackdown ED,Electoral Division,E07000040,2,
DIV56,Willand & Uffculme ED,Electoral Division,E07000042,3,
DIV57,Wonford & St Loyes ED,Electoral Division,E07000041,4,
DIV58,Yelverton Rural ED,Electoral Division,E07000047,5,
CHSCTAXE,Axe Valley Seaton and Sidmouth CHSCT,CHSCT,E07000040,1,
CHSCTBARNSTAPLE,Barnstaple CHSCT,CHSCT,E07000043,2,
CHSCTBIDEFORD,Bideford and Northam CHSCT,CHSCT,E07000046,3,
CHSCTBRAUNTON,Braunton and Ilfracombe CHSCT,CHSCT,E07000043,4,
CHSCTCREDITON,Crediton CHSCT,CHSCT,E07000042,5,
CHSCTCULLOMPTON,Cullompton CHSCT,CHSCT,E07000042,1,
CHSCTDAWLISH,Dawlish and Teignmouth CHSCT,CHSCT,E07000045,2,
CHSCTEXETERCHALL,Exeter - County Hall CHSCT,CHSCT,E07000041,3,
CHSCTEXETERSYCAMORE,Exeter - Sycamores CHSCT,CHSCT,E07000041,4,
CHSCTEXMOUTH,Exmouth and Budleigh CHSCT,CHSCT,E07000040,5,
CHSCTHONITON,Honiton and Ottery St Mary CHSCT,CHSCT,E07000040,1,
CHSCTIVYBRIDGE,Ivybridge CHSCT,CHSCT,E07000044,2,
CHSCTKINGSBRIDGE,Kingsbridge CHSCT,CHSCT,E07000044,3,
CHSCTNABBOT,Newton Abbot CHSCT,CHSCT,E07000045,4,
CHSCTOKE,Okehampton CHSCT,CHSCT,E07000047,5,
CHSCTSMOLTON,South Molton and Chulmleigh CHSCT,CHSCT,E07000043,1,
CHSCTTAVISTOCK,Tavistock CHSCT,CHSCT,E07000047,2,
CHSCTTEIGN,Teign Valley and South Dartmoor CHSCT,CHSCT,E07000045,3,
CHSCTTIVERTON,Tiverton CHSCT,CHSCT,E07000042,4,
CHSCTTORRINGTON,Torrington and Holsworthy CHSCT,CHSCT,E07000046,5,
CHSCTTOTNES,Totnes and Dartmouth CHSCT,CHSCT,E07000044,1,
Eastern,Eastern LCP,Local Care Partnership,E10000008,,
Northern,Northern LCP,Local Care Partnership,E10000008,,
Southern,Southern LCP,Local Care Partnership,E10000008,,
Western,Western LCP,Local Care Partnership,E10000008,,
